{
  "intents": [
    {
      "tag": "greeting",
      "patterns": [
        "Hi",
        "Hey",
        "How are you",
        "Is anyone there?",
        "Hello",
        "Good day"
      ],
      "responses": [
        "Hey :-)",
        "Hello, thanks for visiting",
        "Hi there, what can I do for you?",
        "Hi there, how can I help?"
      ]
    },
    {
      "tag": "goodbye",
      "patterns": ["Bye", "See you later", "Goodbye"],
      "responses": [
        "See you later, thanks for visiting",
        "Have a nice day",
        "Bye! Come back again soon."
      ]
    },
    {
      "tag": "thanks",
      "patterns": ["Thanks", "Thank you", "That's helpful", "Thank's a lot!"],
      "responses": ["Happy to help!", "Any time!", "My pleasure"]
    },
    {
      "tag": "items",
      "patterns": [
        "Which items do you have?",
        "What kinds of items are there?",
        "What do you sell?"
      ],
      "responses": [
        "We sell coffee and tea",
        "We have coffee and tea"
      ]
    },
    {
      "tag": "payments",
      "patterns": [
        "Do you take credit cards?",
        "Do you accept Mastercard?",
        "Can I pay with Paypal?",
        "Are you cash only?"
      ],
      "responses": [
        "We accept VISA, Mastercard and Paypal",
        "We accept most major credit cards, and Paypal"
      ]
    },
    {
      "tag": "delivery",
      "patterns": [
        "How long does delivery take?",
        "How long does shipping take?",
        "When do I get my delivery?"
      ],
      "responses": [
        "Delivery takes 2-4 days",
        "Shipping takes 2-4 days"
      ]
    },
    {
      "tag": "funny",
      "patterns": [
        "Tell me a joke!",
        "Tell me something funny!",
        "Do you know a joke?"
      ],
      "responses": [
        "Why did the hipster burn his mouth? He drank the coffee before it was cool.",
        "What did the buffalo say when his son left for college? Bison."
      ]
    },
    {
      "tag": "songs",
      "patterns": [
        "Share me a song and its lyrics",
        "what is your favorite song?",
        "Any songs recommended?"
      ],
      "responses": [
        "Unique Skill, you have god blessing, once you talk feels, get someone killed",
        "Celestial,We were made to be,Nothing more than this,Finding magic in all the smallest things,When we notice that is what really matters is,Make tonight go on and on and on"
      ]
    },
    {
      "tag": "poems",
      "patterns": [
        "What poems do you know?",
        "Heard of some poems?",
        "Any poems from nowadays?"
      ],
      "responses": [
        "I only wish to face the sea, with spring flowers blossoming.",
        "If you were a teardrop;In my eye,For fear of losing you,I would never cry.And if the golden sun,Should cease to shine its light,Just one smile from you,Would make my whole world bright.",
        "Take Me To Church,A-amen amen amen,Take me to church,I'll worship like a dog at the shrine of your lies,I'll tell you my sins and you can sharpen your knife,Offer me that deathless death"
      ]
    }
  ]
}
